<?xml version="1.0" encoding="ISO-8859-1"?>

<config>
        <propel>
                <datasources>
                        <!-- NB ONLY 1st one gets processed -->
                        <datasource id="gibus">
                                <adapter>postgres</adapter>
                                <connection>
                                        <hostspec>postgres-info</hostspec>
                                        <database>basec201</database>
                                        <username>userc201</username>
                                        <password>chaussette</password>
                                </connection>
                        </datasource>
                </datasources>
        </propel>
</config>
